{
  "version": 1,
  "author": "muhammad usama nadeem",
  "editor": "wokwi",
  "parts": [
    {
      "type": "wokwi-esp32-devkit-v1",
      "id": "esp",
      "top": 0,
      "left": 0,
      "attrs": { "env": "micropython-20230426-v1.20.0" }
    },
    { "type": "wokwi-7segment", "id": "sevseg1", "top": -37.55, "left": 200.95, "attrs": {} }
  ],
  "connections": [
    [ "esp:TX0", "$serialMonitor:RX", "", [] ],
    [ "esp:RX0", "$serialMonitor:TX", "", [] ],
    [ "sevseg1:A", "esp:D21", "#8f4814", [ "v-16.36", "h-78.13", "v113.86" ] ],
    [ "sevseg1:F", "esp:D19", "purple", [ "v-32.41", "h-85.69", "v140.14" ] ],
    [ "sevseg1:B", "esp:D18", "red", [ "v-25.11", "h-103.78", "v138.19" ] ],
    [ "sevseg1:G", "esp:D5", "cyan", [ "v-8.57", "h-43.48", "v128.46" ] ],
    [ "sevseg1:E", "esp:D4", "yellow", [ "v0" ] ],
    [ "sevseg1:D", "esp:D2", "gold", [ "v0" ] ],
    [ "sevseg1:C", "esp:D15", "green", [ "v0" ] ],
    [ "sevseg1:COM.1", "esp:3V3", "green", [ "h-0.54", "v135.47" ] ]
  ],
  "dependencies": {}
}